{"pen_in_several-Fri_Apr_21_10_42_22_2023": {"19824535_left": [0.24946796800109328, 0.11506025136596207, 0.40885316926254583, 2.8201392035185218, -0.2969889562518704, 1.7127699061682686], "19824535_left_gripper_offset": [-0.08319938358998902, 0.03514577594049945, 0.022951075880310604, -0.35012497036798784, 0.028041548755100232, -1.5673650700710433], "19824535_right": [0.24461280070491123, 0.1778135102691673, 0.43302384026408214, 2.8355333356014953, -0.2926657698309574, 1.7094892186949735], "19824535_right_gripper_offset": [-0.07903385682449045, -0.03181062133879885, 0.016223911600034422, -0.3355994924399121, 0.023811547986726467, -1.5641003570151948], "23404442_left": [0.336701040395837, -0.4787989009929041, 0.559882616625703, -2.1969455461459377, -0.10946983687314105, -0.3595002907363137], "23404442_right": [0.44566820226260423, -0.5195539131462232, 0.5763030062951575, -2.201809054567609, -0.09713920550719801, -0.3760999508661681], "26405488_left": [0.1113325872574514, 0.8207481722451926, 0.04550905451430457, -1.64633974845365, -0.17857016318886476, -2.937663676632542], "26405488_right": [-0.009417838799177, 0.7972668750161092, 0.0693151223699266, -1.6473025257925253, -0.18917295438381165, -2.942218897492042], "29838012_left": [0.29738591565817174, 0.4521713625009586, 0.26337378133048867, -2.034100472323699, -0.0009062688402483587, -2.4189165549797687], "29838012_right": [0.2056683584310235, 0.3741662595160174, 0.27131763753002647, -2.04796105586268, 0.015349741636660141, -2.4453089057901534]}, "pen_in_several-Fri_Apr_21_10_43_23_2023": {"19824535_left": [0.2024332908872318, -0.1183516008099554, 0.4212493793525591, 2.5890873495265496, -0.26461952791834853, 1.4124797486108303], "19824535_left_gripper_offset": [-0.08319938358998902, 0.03514577594049945, 0.022951075880310604, -0.35012497036798784, 0.028041548755100232, -1.5673650700710433], "19824535_right": [0.2152655372400385, -0.05625089749785479, 0.44415356217566954, 2.6046168476402625, -0.26112981740198826, 1.4082903355814307], "19824535_right_gripper_offset": [-0.07903385682449045, -0.03181062133879885, 0.016223911600034422, -0.3355994924399121, 0.023811547986726467, -1.5641003570151948], "23404442_left": [0.336701040395837, -0.4787989009929041, 0.559882616625703, -2.1969455461459377, -0.10946983687314105, -0.3595002907363137], "23404442_right": [0.44566820226260423, -0.5195539131462232, 0.5763030062951575, -2.201809054567609, -0.09713920550719801, -0.3760999508661681], "26405488_left": [0.1113325872574514, 0.8207481722451926, 0.04550905451430457, -1.64633974845365, -0.17857016318886476, -2.937663676632542], "26405488_right": [-0.009417838799177, 0.7972668750161092, 0.0693151223699266, -1.6473025257925253, -0.18917295438381165, -2.942218897492042], "29838012_left": [0.29738591565817174, 0.4521713625009586, 0.26337378133048867, -2.034100472323699, -0.0009062688402483587, -2.4189165549797687], "29838012_right": [0.2056683584310235, 0.3741662595160174, 0.27131763753002647, -2.04796105586268, 0.015349741636660141, -2.4453089057901534]}, "pen_in_several-Fri_Apr_21_11_26_18_2023": {"19824535_left": [0.3462511790827262, -0.09901429373081039, 0.39047252482391503, 2.717071498213335, -0.05543772621797394, 1.3999999062775577], "19824535_left_gripper_offset": [-0.07424757970229637, 0.02869658411207166, 0.020344315642647614, -0.3325471612760364, 0.00034684924401173767, -1.5573978398242236], "19824535_right": [0.360802879243526, -0.033761586537119276, 0.3904579064312549, 2.7160497362226055, -0.05974904128902314, 1.3943853152989265], "19824535_right_gripper_offset": [-0.07046028333562782, -0.037933212982886516, 0.02431854672406843, -0.33387874212010155, 0.0041260538730967244, -1.551420850164663], "23404442_left": [0.33881255062574067, -0.4612770795743474, 0.4951928313501428, -2.2615408815291316, 0.02420659526946123, -0.09602231363205771], "23404442_right": [0.4588959067224085, -0.4713507813213593, 0.49027644312440266, -2.251739769671538, 0.025900134233322047, -0.0923587498775086], "26405488_left": [0.1113325872574514, 0.8207481722451926, 0.04550905451430457, -1.64633974845365, -0.17857016318886476, -2.937663676632542], "26405488_right": [-0.009417838799177, 0.7972668750161092, 0.0693151223699266, -1.6473025257925253, -0.18917295438381165, -2.942218897492042], "29838012_left": [0.19157134432526593, 0.4779581615613377, 0.7106575938638287, -2.309186292506914, -0.004521186055319593, -2.577419506256738], "29838012_right": [0.08732227715961233, 0.41112380828670064, 0.7110006221368256, -2.312642672432146, -0.004772463478952771, -2.5796065271382984]}, "pen_in_several-Mon_Apr_17_15_39_00_2023": {"19824535_left": [0.3266621382903026, 0.04556025155045042, 0.5291877365827443, 2.627013852750696, -0.11688112209356993, 1.5756966808636033], "19824535_left_gripper_offset": [-0.07791408565212588, 0.037867137231898496, 0.0009665322999741562, -0.32142603068722275, 0.019558614483682568, -1.5696060014364628], "19824535_right": [0.3373654775847028, 0.1167627866221664, 0.5236662383506807, 2.6153355956029913, -0.13469362561281284, 1.5468877578499067], "19824535_right_gripper_offset": [-0.06962909576210989, -0.032435556612078864, 0.015240270290388522, -0.3359141891716632, 0.03159748515525407, -1.5381436733390135], "23404442_left": [0.33437361167044855, -0.46365508821036955, 0.6437225309961314, -2.2443087212052175, 0.15282359183441252, 0.04789553271361049], "23404442_right": [0.4555503771628365, -0.46111986592261045, 0.6246454187304797, -2.2442491996002323, 0.16899419236931856, 0.041735656577566], "26405488_left": [0.1113325872574514, 0.8207481722451926, 0.04550905451430457, -1.64633974845365, -0.17857016318886476, -2.937663676632542], "26405488_right": [-0.009417838799177, 0.7972668750161092, 0.0693151223699266, -1.6473025257925253, -0.18917295438381165, -2.942218897492042], "29838012_left": [0.4090195694898656, 0.57553183654115, 0.44278208854875006, -2.0293817944045136, -0.15678520375375782, -2.998415422884839], "29838012_right": [0.28742468413005945, 0.5583241838247031, 0.4600193541183565, -2.028457461783962, -0.1570444012540817, -2.989579160291514]}, "pen_in_several-Mon_May__1_14_31_48_2023": {"19824535_left": [0.28688003818376284, -0.23330892664435815, 0.39809905128078826, 2.549746198722255, 0.09205136166445982, 1.6371675495416036], "19824535_left_gripper_offset": [-0.07954120452367038, 0.02597781568647203, 0.01234864306106458, -0.33568544812159984, 0.004427251346815986, -1.5629343806571547], "19824535_right": [0.2940134368628917, -0.17592287195207199, 0.38729570463850566, 2.562289546592439, 0.07109387407460921, 1.6333135273526038], "19824535_right_gripper_offset": [-0.06992468687264872, -0.0315230027152852, 0.02021854902813313, -0.32270092227504615, 0.023725746738669784, -1.5539034686337987], "23404442_left": [0.3679738419196314, -0.4299681435580133, 0.32265154253822037, -2.0463550263837256, 0.28320223200424954, -0.5452111461156558], "23404442_right": [0.46580311302927463, -0.49110996987406097, 0.28835336921654403, -2.039800167518946, 0.29113539246237563, -0.5407311930216786], "26405488_left": [0.1113325872574514, 0.8207481722451926, 0.04550905451430457, -1.64633974845365, -0.17857016318886476, -2.937663676632542], "26405488_right": [-0.009417838799177, 0.7972668750161092, 0.0693151223699266, -1.6473025257925253, -0.18917295438381165, -2.942218897492042], "29838012_left": [0.38192908437881234, 0.49840252490415227, 0.49159449517819276, -2.1631236300642653, -0.012524002846957982, -2.9255833147564356], "29838012_right": [0.2610625028776611, 0.4724732574000089, 0.4864998797773517, -2.155558637788769, -0.01440561169888488, -2.909026066182225]}, "pen_in_several-Thu_Apr_13_15_10_13_2023": {"19824535_left": [0.27294015779573894, -0.17020194513032766, 0.4161021612807519, 2.655638880345502, 0.05183907284397993, 1.4822285893760914], "19824535_left_gripper_offset": [-0.07791408565212588, 0.037867137231898496, 0.0009665322999741562, -0.32142603068722275, 0.019558614483682568, -1.5696060014364628],